year,applications,granted_applications,refused_applications,residential_units,grant_rate_pct,refusal_rate_pct
1991,1,1,0,0.0,100.0,0.0
1992,7,3,3,0.0,42.86,42.86
1993,6,5,1,0.0,83.33,16.67
1994,6,4,2,0.0,66.67,33.33
1995,15,9,6,0.0,60.0,40.0
1996,21,12,7,0.0,57.14,33.33
1997,14,9,5,0.0,64.29,35.71
1998,587,492,68,0.0,83.82,11.58
1999,2909,2188,534,0.0,75.21,18.36
2000,3446,2437,757,0.0,70.72,21.97
2001,3199,2374,621,1633.0,74.21,19.41
2002,3986,2919,698,4252.0,73.23,17.51
2003,8343,5982,1414,5706.0,71.7,16.95
2004,12622,8739,1837,4911.0,69.24,14.55
2005,13453,8646,2026,4850.0,64.27,15.06
2006,16877,10271,2632,5504.0,60.86,15.6
2007,16509,9580,2548,4976.0,58.03,15.43
2008,11853,6998,1654,3097.0,59.04,13.95
2009,7337,4589,820,1494.0,62.55,11.18
2010,5775,3875,638,1883.0,67.1,11.05
2011,6062,4365,587,140.0,72.01,9.68
2012,5764,4245,446,215.0,73.65,7.74
2013,5802,4298,428,782.0,74.08,7.38
2014,6280,4699,520,1136.0,74.82,8.28
2015,6625,4982,507,2549.0,75.2,7.65
2016,8657,6342,785,3583.0,73.26,9.07
2017,32456,23825,2563,28207.0,73.41,7.9
2018,33433,24518,2790,32927.0,73.33,8.35
2019,36811,26119,3311,38481.0,70.95,8.99
2020,36272,25805,3299,34587.0,71.14,9.1
2021,44279,31797,4273,39567.0,71.81,9.65
2022,37415,25575,4134,37499.0,68.35,11.05
2023,36154,24807,3226,39044.0,68.61,8.92
2024,38027,25402,3267,29681.0,66.8,8.59
2025,39634,26481,3120,34248.0,66.81,7.87
