year,period,transactions,total_value,avg_monthly_mean_price,avg_monthly_median_price,avg_rppi
2010,Full Year,20902,5086066314.3,244390.15,203853.15,105.96
2011,Full Year,18421,3954377901.94,216853.01,171545.63,87.87
2012,Full Year,25345,4908418291.37,192954.48,148459.13,76.02
2013,Full Year,30064,6216694476.39,204829.92,136958.33,76.99
2014,Full Year,43641,9347000502.49,212419.59,148595.52,89.71
2015,Full Year,49106,10814159612.78,219870.12,162685.58,99.98
2016,Full Year,49861,12205904998.38,244001.24,182155.58,107.47
2017,Full Year,54948,14600703903.17,264152.79,208095.78,119.14
2018,Full Year,57396,16865800990.24,292836.12,225964.68,131.34
2019,Full Year,59009,18101248218.94,304151.14,236163.3,134.41
2020,Full Year,49493,15726438419.85,315574.53,239091.25,134.83
2021,Full Year,59576,20217421772.84,336455.15,255182.72,145.98
2022,Full Year,62708,23696542458.08,374844.64,283093.99,163.95
2023,Full Year,63333,24605819466.06,385941.57,301770.01,168.98
2024,Full Year,61493,26207659162.41,419539.18,325457.18,183.38
2025,Full Year,62026,27924379210.11,446154.33,353160.23,197.19
