county,sale_year,new_property_transactions,second_hand_property_transactions,total_classified_transactions,new_property_share_pct,second_hand_property_share_pct
Dublin,2025,3794,15423,19217,19.74,80.26
Cork,2025,2184,5023,7207,30.3,69.7
Kildare,2025,1502,2070,3572,42.05,57.95
Meath,2025,1026,1830,2856,35.92,64.08
Galway,2025,598,2195,2793,21.41,78.59
Wicklow,2025,892,1490,2382,37.45,62.55
Limerick,2025,433,1805,2238,19.35,80.65
Wexford,2025,459,1718,2177,21.08,78.92
Louth,2025,806,1250,2056,39.2,60.8
Waterford,2025,396,1245,1641,24.13,75.87
Tipperary,2025,228,1327,1555,14.66,85.34
Donegal,2025,128,1315,1443,8.87,91.13
Mayo,2025,102,1331,1433,7.12,92.88
Kerry,2025,82,1249,1331,6.16,93.84
Clare,2025,169,1153,1322,12.78,87.22
Westmeath,2025,324,900,1224,26.47,73.53
Laois,2025,477,747,1224,38.97,61.03
Kilkenny,2025,308,766,1074,28.68,71.32
Sligo,2025,151,704,855,17.66,82.34
Cavan,2025,76,722,798,9.52,90.48
Offaly,2025,104,685,789,13.18,86.82
Roscommon,2025,55,708,763,7.21,92.79
Carlow,2025,67,583,650,10.31,89.69
Longford,2025,11,482,493,2.23,97.77
Monaghan,2025,60,409,469,12.79,87.21
Leitrim,2025,36,425,461,7.81,92.19
