county,sale_year,transactions,total_value,mean_price,median_price,new_property_transactions,second_hand_property_transactions
Dublin,2025,19217,12925397729.84,672602.27,467100.0,3794,15423
Cork,2025,7207,2684289015.88,372455.81,344000.0,2184,5023
Kildare,2025,3574,1521504238.2,425714.67,396215.5,1502,2070
Meath,2025,2856,1159375725.38,405943.88,374449.34,1026,1830
Galway,2025,2793,1077504205.09,385787.4,345000.0,598,2195
Wicklow,2025,2382,1194327302.14,501396.85,418502.0,892,1490
Limerick,2025,2238,750069031.68,335151.49,306307.0,433,1805
Wexford,2025,2177,693834461.06,318711.28,285000.0,459,1718
Louth,2025,2057,790100809.43,384103.46,330396.0,806,1250
Waterford,2025,1641,523572632.19,319057.06,291000.0,396,1245
Tipperary,2025,1555,477721965.15,307216.7,250000.0,228,1327
Donegal,2025,1443,332955483.71,230738.38,180000.0,128,1315
Mayo,2025,1433,336790906.38,235025.06,215000.0,102,1331
Kerry,2025,1331,461870455.06,347010.11,273000.0,82,1249
Clare,2025,1322,426610048.83,322700.49,290000.0,169,1153
Westmeath,2025,1224,436930292.31,356969.19,305000.0,324,900
Laois,2025,1224,401869055.3,328324.39,296327.1,477,747
Kilkenny,2025,1074,374653244.24,348839.15,316155.0,308,766
Sligo,2025,855,228292821.2,267009.15,240000.0,151,704
Cavan,2025,798,208929950.66,261816.98,236347.5,76,722
Offaly,2025,789,224415526.7,284430.33,265000.0,104,685
Roscommon,2025,763,169939389.74,222725.28,195000.0,55,708
Carlow,2025,650,199493225.9,306912.66,265000.0,67,583
Longford,2025,493,98287906.97,199366.95,173000.0,11,482
Monaghan,2025,469,122845677.46,261931.08,235000.0,60,409
Leitrim,2025,461,102798109.61,222989.39,199500.0,36,425
