county,mean_price_2010,mean_price_2025,price_change_pct
Westmeath,160003.98,356969.19,123.1
Louth,189900.82,384103.46,102.27
Dublin,333336.96,672602.27,101.78
Laois,165001.41,328324.39,98.98
Tipperary,161736.23,307216.7,89.95
Kerry,187985.9,347010.11,84.59
Cavan,142058.48,261816.98,84.3
Clare,175869.02,322700.49,83.49
Meath,226697.11,405943.88,79.07
Offaly,159942.61,284430.33,77.83
Wexford,179748.54,318711.28,77.31
Kildare,240218.04,425714.67,77.22
Limerick,190192.27,335151.49,76.22
Carlow,174220.63,306912.66,76.16
Waterford,181329.36,319057.06,75.95
Leitrim,128676.54,222989.39,73.29
Galway,223017.58,385787.4,72.99
Monaghan,153496.21,261931.08,70.64
Wicklow,294815.36,501396.85,70.07
Kilkenny,210203.56,348839.15,65.95
Sligo,163529.33,267009.15,63.28
Cork,230395.27,372455.81,61.66
Roscommon,138302.71,222725.28,61.04
Donegal,152990.85,230738.38,50.82
Mayo,158579.87,235025.06,48.21
Longford,137278.52,199366.95,45.23
