kpi,value,unit
2025 Transactions,62026,transactions
2025 Total Transaction Value,27924379210.11,EUR
2025 Average Monthly Mean Price,446154.33,EUR
2025 Average Monthly Median Price,353160.23,EUR
2025 Average RPPI,197.19,index
2026 YTD Transactions,38102,transactions
2026 YTD Average Monthly Mean Price,476976.59,EUR
2026 YTD Period,January-September,period
Highest Transaction Volume County 2025,Dublin,county
Highest Average Price County 2025,Dublin,county
2025 Planning Applications,39634,applications
2025 Residential Units in Applications,34248.0,units
