year,avg_mean_price,avg_median_price,avg_rppi,mean_price_yoy_pct,median_price_yoy_pct,rppi_yoy_pct
2010,244390.15,203853.15,105.96,,,
2011,216853.01,171545.63,87.87,-11.27,-15.85,-17.07
2012,192954.48,148459.13,76.02,-11.02,-13.46,-13.48
2013,204829.92,136958.33,76.99,6.15,-7.75,1.27
2014,212419.59,148595.52,89.71,3.71,8.5,16.52
2015,219870.12,162685.58,99.98,3.51,9.48,11.45
2016,244001.24,182155.58,107.47,10.98,11.97,7.48
2017,264152.79,208095.78,119.14,8.26,14.24,10.86
2018,292836.12,225964.68,131.34,10.86,8.59,10.24
2019,304151.14,236163.3,134.41,3.86,4.51,2.33
2020,315574.53,239091.25,134.83,3.76,1.24,0.31
2021,336455.15,255182.72,145.98,6.62,6.73,8.27
2022,374844.64,283093.99,163.95,11.41,10.94,12.31
2023,385941.57,301770.01,168.98,2.96,6.6,3.07
2024,419539.18,325457.18,183.38,8.71,7.85,8.52
2025,446154.33,353160.23,197.19,6.34,8.51,7.53
